Year,Month,Day,Time (in MPH),Speed
2020,04,22,20:41:39,18.381630175095285,204139625435
2020,04,22,20:44:54,18.12077475144452,204454319901
2020,04,22,20:49:58,17.926625910152495,204958180892
2020,04,22,20:55:02,18.087799511077392,205502204383
2020,04,22,20:55:58,18.07100682191577,205558903327
2020,04,22,21:05:04,17.878607673918054,210504016469
2020,04,22,21:06:39,18.30956478273567,210639478064
2020,04,22,21:08:20,18.11706468273605,210820595116
